[
    {
        "name": "Paladium'Bot",
        "description_french": "Paladium'Bot est un bot Discord vous permettant d'afficher facilement les stats de Paladium sur votre serveur !",
        "description_english": "Paladium'Bot is a Discord bot that allows you to easily display Paladium stats on your server!",
        "link": "https://discordbots.org/bot/579653463290675221"
    },
    {
        "name": "Structure F2T",
        "description_french": "F2T est une Structure Esport Française présente sur plusieurs jeux mais aussi un organisateur de tournois !",
        "description_english": "F2T is a French Esport Structure present on several games but also a tournament organizer !",
        "link": "https://discord.gg/nepSees"
    },
    {
        "name": "Publicity World",
        "description_french": "Publicity World est le serveur qu'il vous faut pour agrandir votre communauté !",
        "description_english": "Publicity World is the server you need to increase your community !",
        "link": "https://discord.gg/yz5xTCq"
    },
    {
        "name": "GTA 6 France [ Grand Theft Auto 6 ]",
        "description_french": "Nous sommes une communauté francophone uniquement pour Grand Theft Auto - 1er communauté sur Grand Theft Auto 6 !",
        "description_english": "We are a Francophone community only for Grand Theft Auto - 1st community on Grand Theft Auto 6 !",
        "link": "https://discord.gg/FpUvQtq"
    }
]
