{
	"stats": "",
	"ram": "",
	"version": "",
	"online": "",
	"link": "",
	"voice": "",
	"add": "",
	"vote": "",
	"help": "",
	"warn": "",
	"error": ":x:",
	"success": ":white_check_mark:",
	"loading": "",
	"score": "",
	"games": "",
	"kills": "",
	"crown": "",
	"discriminator": "",
	"bot": "",
	"avatar": "",
	"calendar": "",
	"calendar2": "",
	"up": "",
	"pencil": "",
	"roles": "",
	"color": "",
	"minecraft": "",
	"users": "",
	"title": "",
	"singer": "",
	"time": ":clock3:",
	"search": ":mag:",
	"desc": "",
	"playlist": ":bookmark_tabs:",
	"channels": "",
	"afk": "",
	"id": "",
	"ip": "",
	"folder": ":file_folder:",
	"desc2": "",
	"patreon": "",
	"server": "",
	"boost": "",
	"status": {
		"dnd": ":red_circle:",
		"idle": ":orange_circle:",
		"online": ":green_circle:",
		"offline": ":black_circle:"
	},
	"letters": {
		"a": ":regional_indicator_a:",
		"w": ":regional_indicator_w:",
		"r": ":regional_indicator_r:",
		"d": ":regional_indicator_d:"
	},
	"categories": {
		"admin": ":shield:",
		"music": ":musical_note:",
		"general": ":speech_balloon:",
		"moderation": ":wrench:",
		"owner": ":crown:",
		"custom": ":chart_with_upwards_trend:"
	}
}
